S/N,Companies,Market Capitalisation,Currency,,Ticker,Market Cap,Note if Currency is not USD
2,24SevenOffice Group,710211000,USD,,719.F,76538000,EUR
4,"2U, Inc",1005538752,USD,,TWOU,923080000,USD
8,Absolute Software Corp,557000000,CAD,,ABST,426141000,USD
9,Accenture,217317000000,USD,,ACN,213678000000,USD
11,"ACI Worldwide, Inc",3310000000,USD,,ACIW,3179000000,USD
12,"Activision Blizzard, Inc",62638608384,USD,,ATVI,62420000000,USD
17,adesso,1179693184,EUR,,ADN1.DE,1165000000,EUR
20,"Adobe, Inc",216680000000,USD,,ADBE,210593000000,USD
21,Adyen,61991329792,USD,,ADYEY,58307000000,USD
22,"Affirm Holdings, Inc",12500000000,USD,,AFRM,11700000000,USD
25,Afterpay Ltd,13951000000,USD,,AFTPF,13951000000,USD
32,Akamai Technologies Inc,19370000000,USD,,AKAM,19120000000,USD
36,Alibaba Group Holding Ltd,2310000000000,USD,,AHLA.DE,261897000000,EUR
37,"Alight, Inc",5100000000,USD,,ALIT,4719000000,USD
42,Alliance Data Systems Corp,2790000000,USD,,ADS,2837000000,USD
44,Alpha Systems Inc,54380000000,JPY,,AN5.MU,54380000000,JPY
51,Amadeus IT Group,26310000000,EUR,,AMS.MC,25653000000,EUR
52,Amaggi Luxembourg International SARL,0,,,,,
53,Amdocs Ltd,10286300160,USD,,DOX,10196000000,USD
57,Andes Technology Corp,20740000000,TWD,,6533.TW,20742000000,TWD
59,Ansys Inc,27838941184,USD,,ANSS,27104000000,USD
60,Appen Ltd,842710000,AUD,,APPEF,665040000,USD
63,Aptitude Software Group,180572800,GBX,,APTD.L,184765000,GBP
66,Arco Platform Ltd,1220000000,USD,,ARCE,1220000000,USD
69,AsiaInfo Technologies Ltd,12840000000,HKD,,1675.HK,13032000000,HKD
70,Aspen Technology Inc,11090000000,USD,,AZPN,10915000000,USD
71,Aspire Global,516678368,SEK,,ASPIRE.ST,5009000000,SEK
74,Atea,567599000,USD,,ATEA.OL,13782000000,NOK
76,Atlassian Corp,75790213120,USD,,TEAM,71253000000,USD
77,Atos,2520000000,EUR,,ATO.PA,2526000000,EUR
80,Audinate Group Ltd,492600000,AUD,,ASX.AD8,492600000,AUD
82,Autodesk Inc,46535286784,USD,,ADSK,44211000000,USD
85,Automatic Data Processing Inc,99970000000,USD,,ADP,99198000000,USD
87,Avaloq Group,1008480000,USD,,AVALOQ,1008480000,USD
88,Avast,5880000000,GBX,,AVST.L,5873000000,GBP
90,AVEVA Group,7390000000,GBX,,AVV.L,7308000000000,GBP
91,Axway Software,355442816,,,AXW.PA,355750000,EUR
92,Azeus Systems Holdings Ltd,183600000,,,BBW.SI,183600000,SGD
95,BAIOO Family Interactive Ltd,1410000000,,,2110.HK,1413000000,HKD
97,BANDAI NAMCO Holdings Inc,2040000000000,,,7832.T,2023000000000,JPY
98,"Bandwidth, Inc",854550000,,,BAND,820016000,USD
99,Baozun Inc,638220000,,,BZUN,618032000,USD
101,Basware,313695200,,,BAS1V.HE,305022000,EUR
103,Bechtle,6200000000,,,BC8.DE,6100000000,EUR
111,"Benefitfocus, Inc",416280000,,,BNFT,408569000,USD
115,Better Collective,9860264960,,,BETCO.ST,9843000000,SEK
117,"Bilibili, Inc",11590000000,,,BILI,11085000000,USD
119,BIMobject,64242204,,,BIM.ST,658287000,SEK
120,Birlasoft Ltd,134720000000,,,-,-,-
121,Bittium,134720000000,,,BITTI,209.22M,EUR
123,"Black Knight, Inc",10290000000,,,BKI,10.47B,
124,"Blackbaud, Inc",3180000000,,,BLKB,3.11B,
125,BlackBerry Ltd,4090000000,,,BB,3.98B,
127,"BlackLine, Inc",4380000000,,,BL,4.22B,
128,"Block, Inc",78840000000,,,SQ,73.64B,
130,Blue Prism Group,1621207000,,,B11.SG,,
132,"BMC Software, Inc",6580000000,,,,,
133,Bmit Technologies,103830000,,,,,
134,Booking Holdings Inc,93960000000,,,BKNG,90.69B,
135,Booz Allen Hamilton Holding Corp,11700000000,,,BAH,11.73B,
137,Bouvet,7141165056,,,0HDU,7.19B,KR
139,BrainChip Holdings Ltd,1630000000,,,BRN.AX,1641000000,AUD
140,Bravura Solutions Ltd,425950000,,,AU000000BVS9.SG,-,EUR
144,"BTRS Holdings, Inc",1240000000,,,BTRS,1215000000,USD
148,Bytes Technology Group,1197409920,,,BYIT.L,1177000000,GBP
151,Cadence Design Systems Inc,45500000000,,,CDNS,44788000000,USD
160,Cars Inc,957320000,,,CARS,924117000,USD
161,Carsales Ltd,5850000000,,,CAR.AX,5850000000,AUD
162,"Cass Information Systems, Inc",544012224,,,CASS,530145000,USD
163,Catena Media,407124000,,,CTM.ST,3500000000,SEK
164,cBrain,4670641664,,,CBRAIN.CO,4707000000,DKK
170,"Ceridian HCM Holding, Inc",9980000000,,,CDAY,9550000000,USD
171,"CGI, Inc",22380000000,,,GIB,19865000000,USD
174,Chanjet Information Technology Co Ltd,2330000000,,,-,-,-
175,ChannelAdvisor Corp,495140000000,,,ECOM,480526000,USD
176,Chatwork Co,22440000000,,,4448.T,22439000000,JPY
180,China Development Bank Financial Leasing Co,14540000000,,,1606.HK,14539000000,HKD
183,China TransInfo Technology Co,17010210000,,,002373.SZ,17089000000,CNY
185,Cielo,8830000000,,,CIOXY,1702000000,USD
186,Cision Ltd,1500000000,,,-,-,-
187,Citrix Systems Inc,12770000000,,,CTXS,12758000000000,USD
189,Clavister Holding,32267846,,,CLAV.ST,330703000,SEk
192,"Cloudera, Inc",4730000000,,,,,
193,"Cloudflare, Inc",39030000000,,,NET,35383000000,USD
195,CMGE Technology Group Ltd,6420000000,,,,,
196,Coforge Ltd,272100000,,,,,
197,Cognizant Technology Solutions Corp,45530000000,,,CTSH,45425000000,USD
203,Comarch,1550000000,,,CMR.WA,1553000000,PLN
204,CommVault Systems,2994472704,,,CVLT,2870000000,USD
205,Computacenter,3296391936,,,CCC.L,3248000000,GBP
209,Computershare,11537529856,,,CPU.AX,15226000000,AUD
212,Conduent,1057586112,,,CNDT,1060000000,USD
219,CoreLogic Inc,306990000000,,,,,
222,"CoStar Group, Inc",26452813824,,,CSGP,25327000000,USD
224,"Coupa Software, Inc",7850000000,,,COUP,7605000000,USD
225,"Coursera, Inc",3290000000,,,COUR,3139000000,USD
226,Crayon Group Holding,4839108096,,,CRAYN.OL,11858000000,NOK
227,Criteo,1650000000,,,CRTO,1611000000,USD
230,CSAM Health Group,1203528832,,,CSAM.OL,1195000000,NOK
232,CWT International Ltd,0,HKD,,,,
234,CyberArk Software Ltd,0,,,CYBR,6534000000,USD
236,Cyient Ltd,0,,,,,
241,Dassault Systems,0,,,,,
242,Data Respons,0,,,,,
243,Data#3 Ltd,45835149312,,,,,
245,Datagroup,682308928,,,D6H.DE,689341000,EUR
246,Datamatics Global Services Ltd,0,,,DATAMATICS.BO,19427000000,INR
248,Delivery Hero,13155391488,,,DHER.DE,11279000000,EUR
250,Devoteam,0,,,,,
253,Digia,,,,DIGIA.SE,191670000,EUR
254,Digimarc Corp,0,,,DMRC,494340000,USD
261,DKV MOBILITY SERVICES HOLDING,0,,,,,
265,Domain Holdings Australia Ltd,0,,,,,
269,dotDigital Group,352559200,,,DOTD.L,261990000,GBP
273,"Dropbox, Inc",0,,,DBX,8654000000,USD
274,DTS Corp,936222016,,,9862.T,128077000000,JPY
276,"Dun & Bradstreet Holdings, Inc",4186767616,,,DNB,7435000000,USD
277,DXC Technology,7761394176,,,DXC,7371000000,USD
281,eBay Inc,35306622976,,,EBAY,31496000000,USD
283,Econocom Group,672398720,,,ECONB,795.86M,EUR
284,Edenred,12418153472,,,EDEN,11.41B,EUR
287,EHang Holdings Ltd,0,,,EH,670.37M,
289,Electronic Arts Inc,0,,,EA,35.35B,
290,Embracer Group,,,,EMBRAC,87.11B,
291,EML Payments Ltd,0,,,EML,1.08B,AUD
294,Endava,8237917184,,,DAVA,7.04B,
296,Enea,354908832,,,ENEA,4.45B,SEK
301,"EPAM Systems, Inc",0,,,EPAM,15.53B,
303,Equiniti Group,0,,,EQN,670.19M,GBP
304,Esi Group,400226400,,,ESI,412.09M,EUR
305,Esker,1295010944,,,ALESK,1.01B,EUR
306,Etsy Inc,16508154880,,,ETSY,15.61B,
312,Everi Holdings Inc,1894174464,,,EVRI,1.81B,
314,Evertec Inc,0,,,EVTC,2.97B,
317,Exasol,,,,EXL,138.57M,EUR
319,"ExlService Holdings, Inc",0,,,EXLS,4.85B,
320,Expedia Group Inc,0,,,EXPE,28.35B,
323,F-Secure,,,,FSC1V,810.14M,EUR
324,"F5, Inc",13072477184,,,FFIV,12.77B,
325,Fabasoft,,,,FAA,255.75M,EUR
326,FactSet Research Systems Inc,0,,,FDS,16.77B,
327,Fair Isaac Corp,0,,,FICO,11.09B,
331,FD Technologies,745852352,,,FDP,667.84M,
332,FDM Group Holdings,0,,,FDM,1.15B,GBP
333,Fidelity National Information Services Inc,0,,,FIS,62.56B,
335,Fiserv Inc,68228370432,,,FISV,67.40B,
337,Fiverr International Ltd,0,,,FVRR,2.52B,
338,"FLEETCOR Technologies, Inc",0,,,FLT,19.81B,
339,Flexential Corp,0,,,Private Company,,
341,Focus Home Interactive,257918304,,,ALFOC,268.01M,EUR
343,FormPipe Software,,,,FPIP,1.92B,SEK
345,"Forrester Research, Inc",0,,,FORR,1.12B,
346,Fortinet Inc,0,,,FTNT,53.41B,
350,"FriendTimes, Inc",0,,,6820,2.84B,HKD
351,Frontier Developments,519973056,,,FDEV,520.30M,GBX
354,Fujitsu Ltd,0,,,6702,3.90T,JPY
357,Fyber,0,,,FBEN,,
359,G5 Entertainment,185976000,,,G5EN,1.95B,SEK
361,Gaming Innovation Group Inc,0,,,GIG.OL,2.257B,NOK
364,GB Group,1390303488,,,GBG,1.38B,GBX
366,Genpact Ltd,,,,G,8.05B,
367,GFT Technologies,1058301184,,,GFT,1.04B,EUR
370,GK Software,246168960,,,GKS,288.18M,EUR
371,Global Dominion Access,629010304,,,DOM,626.76M,EUR
372,Global Payments Inc,40444149760,,,GPN,38.93B,
373,Globant,10747284480,,,GLOB,10.36B,
374,Glodon Co,0,,,2410,62.95B,CNY
377,GMO Payment Gateway Inc,0,,,3769,943.19B,JPY
378,GoDaddy Inc,0,,,GDDY,14.04B,
379,Gofore,344397504,,,GOFORE,353.52M,EUR
381,GPI,2874753280,,,CPI,2.71B,
382,"Grace Technology, Inc",0,,,,,
387,Groupe Open SAPAR:OPN,0,,,OPN,270.67M,EUR
388,Grupo de Moda Soma SABSP:SOMA3,0,,,SOMA3,11.34B,BRL
396,Happiest Minds Technologies Ltd,0,,,HAPPSTMNDS,161.37B,INR
399,HCL Technologies Ltd,0,,,HCLTECH,3.18T,INR
401,"Health Catalyst, Inc",0,,,HCAT,1.34B,
403,HengTen Networks Group Ltd,0,,,0136,19.21B,HKD
405,Hi Sun Technology Ltd,0,,,0818,2.80B,HKD
408,Hinduja Global Solutions Ltd,0,,,HGS,46.34B,INR
412,home24,213498384,,,H24,216.60M,EUR
415,HubSpot Inc,22452207616,,,HUBS,21.23B,
420,Hyundai Autoever Corp,0,,,307950,3.48T,KRW
423,IAC Interactive Corp,0,,,IAC,8.82B,
424,IAR Systems Group,,,,IAR-B,1.68B,SEK
425,ICT Group,0,,,,,
426,Ideagen,640239808,,,IDEA,637.33M,GBX
427,"Ideanomics, Inc",0,,,IDEX,512.61M,
428,iDreamSky Technology Holdings Ltd,0,,,1119,6.32B,HKD
430,iFAST Corp Ltd,0,,,AIY,1.80B,SGD
431,Iflytek Co Ltd,0,,,002230,107.80B,107.80B
433,IGG Inc,540116992,,,0799,4.38B,HKD
434,Imdex Ltd,0,,,IMD,1.06B,AUD
435,IndiaMART InterMESH Ltd,0,,,INDIAMART,152.50B,IND
436,Indra Sistemas,1606570112,,,IDR,1.65B,EUR
438,Info Edge India Ltd,0,,,NAUKRI,608.63B,INR
441,Infomedia Ltd,0,,,IFM,509.16M,AUD
444,"Information Services International-Dentsu, Ltd",0,,,4812,268.55B,JPY
445,Infosys Ltd,,,,INFY,7.67T,INR
446,Infotel,358659392,,,INF,361.07M,EUR
448,Inke Ltd,,,,3700,3.09B,HKD
453,Integrated Research Ltd,0,,,IRI,144.81M,AUD
455,InterDigital Inc,1935475072,,,IDCC,1.93B,
456,International Business Machines Corp,0,,,IBM,115.91B,
457,International Games System Co Ltd,0,,,,,
459,Intuit Inc,1.40E+11,,,INTU,137.41B,
461,Iomart Group,202036176,,,IOM,195.67M,GBX
464,IRESS Ltd,0,,,IRE,2.21B,AUD
466,Itera,918265408,,,0MQA,,
467,ITOCHU Techno-Solutions Corp,0,,,4739,786.00B,JPY
468,IVU Traffic Technologies,407571968,,,IVU,326.03M,EUR
469,Izertis,185659552,,,IZER,192.43M,EUR
470,Jack Henry & Associates Inc,15085853696,,,JKHY,14.91B,
473,"Joy Spreader Group, Inc",0,,,6988,5.00B,HKD
474,JoyCity Corp,0,,,067000,552.79B,KRW
477,Just Dial Ltd,0,,,JUSTDIAL,67.78B,INR
478,Just Eat Takeaway,,,,TKWY,7.24B,EUR
480,Kahoot!,1471218048,,,KHOTF,1.435B,
481,Kainos Group,3164367360,,,KNOS,1.63B,GBX
482,Kakaku Inc,0,,,2371,573.35B,JPY
483,Kakao Corp,0,,,035720,46.84T,KRW
484,Kakao Games Corp,0,,,293490,6.14T,KRW
485,Kalera,122388928,,,KSLLF,116.653M,
488,Kanematsu Electronics Ltd,0,,,8096,110.81B,JPY
489,Kape Technologies,1323031808,,,KAPE,1.35B,GBX
490,"KE Holdings, Inc",0,,,BEKE,13.47B,
491,Keywords Studios,2593377280,,,KWS,2.01B,GBX
493,Kinaxis Inc,0,,,KXS,4.49B,CAD
495,Kingdee International Software Group Co Ltd,0,,,0268,60.93B,HKD
496,Kingsoft Corp Ltd,0,,,3888,35.15B,HKD
502,KPIT Technologies Ltd,0,,,KPITTECH,167.96B,INR
503,Kps,141221200,,,KPS,418.96M,MYR
504,Kuaishou Technology,45564731392,,,1024,320.77B,HKD
505,Kunlun Tech Co Ltd,0,,,300418,20.97B,CNY
506,L&T Technology Services Ltd,16058196992,,,LTTS,543.47B,INR
507,Lakala Payment Co Ltd,0,,,300773,18.81B,CNY
508,Larsen & Toubro Infotech Limited,34186207232,,,LTI,1.11T,INR
510,Learning Technologies Group,1327284992,,,LTG,1.30B,GBX
512,Leidos Holdings Inc,0,,,LDOS,14.70B,
514,Leo Group Co Ltd,0,,,002131.SZ,14.455B,CNY
515,"Life360, Inc",0,,,360.AX,1.062B,AUD
517,Lime Technologies,,,,LIME.ST,3.812B,SEK
519,Linedata Services,285980096,,,LIN.PA,251.954M,EUR
520,Link Administration Holdings Ltd,0,,,LNK.AX,2.642B,AUD
521,LINK Mobility Group Holding,4613871616,,,LINK.OL,4.458B,NOK
522,Linx,0,,,,,
523,"Liquidity Services, Inc",0,,,LQDT,589.49M,USD
529,Logicom Public Ltd,0,,,LOG,146.68M,EUR
532,"Lyft, Inc",12657972224,,,LYFT,12.37B,USD
538,Mango Excellent Media Co Ltd,0,,,300413.SZ,59.62B,CNY
539,"Manhattan Associates, Inc",0,,,MANH,8.512B,USD
540,ManTech International Corp,0,,,MANT,3.509B,USD
541,Maoyan Entertainment,7375898624,,,1896.HK,7.597B,HKD
543,Marvelous Inc,0,,,7844.T,46.658B,JPY
544,Mastek Ltd,0,,,MASTEK.BO,79.014B,INR
545,"Mastercard, Inc",3.57E+11,,,MA,348.877B,USD
546,"Match Group, Inc",0,,,MTCH,29.707B,USD
547,Matrix IT Ltd,0,,,MTRX.TA,5.297B,ILA
548,"Medallia, Inc",0,,,,,
549,Media & Games Invest,243684464,,,M8G.DE,504.122M,EUR
550,MEDIA DO Co Ltd,0,,,3678.T,38.829B,JPY
552,Megaport Ltd,0,,,MGPPF,1.481B,USD
553,Meituan,1.32E+11,,,3690.HK,994.64B,HKD
555,Mensch und Maschine Software,947647232,,,MUM.DE,935.977M,EUR
556,"Mercadolibre, Inc",0,,,MELI,58.363B,USD
557,"Mercari, Inc",0,,,4385.T,524.839B,JPY
558,Mercell Holding,,,,MRCEL.OL,1.433B,NOK
560,"Meta Platforms, Inc",0,,,FB,607.891B,USD
563,Micro Focus International,1777943168,,,MFGP,1.778B,USD
565,Microsoft Corp,0,,,MSFT,2.252T,USD
567,Mimecast Ltd,,,,53M.F,4.885B,EUR
568,Mindtree Ltd,0,,,MINDTREE.NS,715.14B,INR
569,Mintra Holding,697248704,,,MNTR.OL,697.249M,NOK
572,"Mitsubishi Research Institute, Inc",0,,,3636.T,65.497B,JPY
573,mixi Inc,,,,2121.T,164.914B,JPY
575,"Mobvista, Inc",0,,,1860.HK,9.298B,HKD
576,Model N Inc,0,,,MODN,984.412M,USD
577,Modern Times Group MTG,15213671424,,,MTG-B.ST,15.155B,SEK
578,"Momentive Global, Inc",0,,,MNTV,2.497B,USD
579,"Money Forward, Inc",0,,,3994.T,309.476B,JPY
581,Moneysupermarket Group,0,,,MONY.L,1.02B,GBP
583,Mphasis Ltd,0,,,MPHASIS.NS,600.595B,INR
584,msg life ag,121559096,,,MSGL.HM,121.559M,EUR
585,MTI Ltd,25569136640,,,9438.T,25.569B,JPY
586,MyEG Services Bhd,0,,,,,
587,Nagarro,2475383296,,,NA9.DE,1.99B,EUR
588,Naspers Ltd,,,,NPN.JO,356.531B,ZAC
589,NAVER Corp,0,,,035420.KS,49.302T,KRW
591,NCC Group,657156288,,,NCC.L,597.945M,GBP
593,NCsoft Corp,0,,,036570.KS,9.626T,KRW
594,Nearmap Ltd,0,,,NEA.AX,735.319M,AUD
595,NEC Networks & System Integration Corp,2.59E+11,,,1973.T,258.989B,JPY
596,Nemetschek,,,,NEM.DE,10.21B,EUR
600,Nepa,558286464,,,NEPA.ST,558.286M,SEK
601,Neptune Co,0,,,217270.KQ,440.094B,KRW
602,Net One Systems Co Ltd,0,,,7518.T,245.292B,JPY
603,Netcompany Group,23307528192,,,NETC.CO,22.567B,DKK
604,NetDragon Websoft Holdings Ltd,0,,,3ND.SG,,EUR
605,"NetEase, Inc",65996152832,,,NTES,63.119B,USD
606,NetEnt,0,,,,,
608,Nets,43516212,,,,,
609,"NetScout Systems, Inc",0,,,NTCT,2.307B,USD
610,Network International Holdings,0,,,NETW.L,1.562B,GBP
611,Neptune Co,0,,,217270.KQ,440.094B,KRW
612,Netcompany Group,23327197184,,,NETC.CO,22.567B,DKK
614,"NetEase, Inc",65996152832,,,,,
618,New Work,1016175552,,,NWSE.V,1.035B,EUR
620,Newgen Software Technologies Ltd,0,,,NEWGEN.NS,35.131B,INR
622,Nexi SpA,0,,,NEXX,14.448B,USD
624,NHN Corp,1.39E+12,,,181710.KS,1.395T,KRW
626,NICE Ltd,14338644992,,,NICE,14.173B,USD
627,"Nihon Unisys, Ltd",0,,,,,
629,Nintendo Co Ltd,,,,NTDOY,60.792B,USD
630,NNIT,313393504,,,NNIT.CO,2.295B,DKK
631,"Nomura Research Institute, Ltd",0,,,NRILY,19.997B,USD
632,Northern Data,,,,NB2.DE,1.413B,EUR
633,"NortonLifeLock, Inc",0,,,NLOK,15.608B,USD
639,NTT DATA Corp,0,,,NTDTY,26.68B,USD
640,"Nuance Communications, Inc",0,,,NUAN,17.882B,USD
641,Nuix Ltd,0,,,NXL.AX,474.386M,AUD
642,Nutanix Inc,0,,,NTNX,5.755B,USD
647,Okta Inc,,,,OKTA,23.501B,USD
651,"OneSpan, Inc",0,,,OSPN,597.221M,USD
654,Open Text Corp,0,,,OTEX,11.465B,USD
656,Optim Corp,0,,,3694.T,60.225B,JPY
658,Oracle Corp,2.21E+11,,,ORCL,218.789B,USD
661,Ordina,,,,,,
662,Origo,448433,,,ORIGO.IC,31.836B,ISK
663,oRo Co Ltd,0,,,3983.T,36.411B,JPY
665,OTSUKA CORP,0,,,OSUKF,6.943B,USD
670,PagSeguro Digital Ltd,0,,,PAGS,6.465B,USD
672,Palo Alto Networks Inc,0,,,PANW,59.927B,USD
673,Paradox Interactive,,,,PDX.ST,20.17B,SEK
674,Parsons Corp,0,,,PSN,4.013B,USD
676,"Paychex, Inc",50271617024,,,PAYX,50.734B,USD
677,Paycom Software Inc,0,,,PAYC,20.481B,USD
678,Paylocity Holding Corp,11550016512,,,PCTY,11.231B,USD
679,PayPal Holdings Inc,0,,,PYPL,130.142B,USD
683,Penneo,721382848,,,PENNEO.CO,743.531,DKK
686,Persistent Systems Ltd,0,,,PERSISTENT.BO,372.685B,INR
688,Pexip Holding,385187008,,,PEXIP.OL,2.942B,NOK
700,Polygon,0,,,,,
702,POSCO ICT Co Ltd,0,,,022100.KQ,924.462B,KRW
706,Proact IT Group,,,,PACT.ST,1.823B,SEK
707,"Procore Technologies, Inc",0,,,PCOR,7.525B,USD
708,Progress Software Corp,0,,,PRGS,1.989B,USD
710,"PROS Holdings, Inc",1438053888,,,PRO,1.348B,USD
711,Prosus,1.79E+11,,,PRX.AS,154.863B,EUR
712,PSI Software AG,599752320,,,PSAN.DE,591.128M,EUR
713,PTC Inc,12283468800,,,PTC,11.879B,USD
716,Pushpay Holdings Ltd,0,,,PPH.NZ,1.333B,NZD
717,"Q2 Holdings, Inc",3515328768,,,QTWO,3.38B,USD
720,Qt Group,3484249600,,,QTCOM.HE,3.027B,EUR
721,Qualys Inc,0,,,QLYS,5.334B,USD
722,Quest Holdings,0,,,QUEST.AT,73.507M,EUR
724,Quotient Technology Inc,0,,,QUOT,603.226M,USD
726,"Rackspace Technology Global, Inc",0,,,RXT,2.304B,USD
729,Rakus Co Ltd,0,,,3923.T,338.147B,JPY
730,"Rakuten Group, Inc",0,,,RKUNY,12.686B,USD
732,"Razer, Inc",0,,,1337.HK,"23,036,000,000",HKD
733,Readly International,,,,READ.ST,"339,120,000",SEK
735,Redbubble Ltd,0,,,RDBBF,"325,477,000",
736,Remedy Entertainment,448300992,,,REMEDY.HE),"491,535,000",EUR
737,Renalytix,238258160,,,RNLX,"240,427,000",
738,Renrui Human Resources Technology Holdings Ltd,0,,,6919.HK,"1,229,000,000",HKD
739,Reply SPA,0,,,0RV0.IL,"5,605,000,000",EUR
742,Rightmove,7205915136,,,RMV.L,"5,471,000,000",GBP
744,RingCentral Inc,0,,,RNG,"11,051,000,000",
749,Roper Technologies Inc,0,,,ROP,"50,624,000,000",
750,Rovio Entertainment,578388544,,,ROVIO.HE,"565,718,000",
753,Sabre Corp,0,,,SABR,"3,572,000,000",
755,Salesforce Inc,0,,,CRM,"198,812,000,000",USD
757,Samsung SDS Co Ltd,0,,,018260.KS,"10,558,000,000,000",KRW
759,"Sansan, Inc",0,,,4443.T,"164,817,000,000",JPY
760,SAP,1.31E+11,,,SAP,"131,029,000,000",
761,Sapiens International Corp,1431689984,,,SPNS,"1,405,000,000",
762,SB Technology Corp,0,,,4726.T,"51,544,000,000",JPY
763,"Schrodinger, Inc",0,,,SDGR,"2,359,000,000",
764,Scicom (MSC) Bhd,0,,,0099.KL,"447,870,000",MYR
765,Science Applications International Corp,0,,,SAIC,"5,116,000,000",
768,Scout24,4332266496,,,G24.DE,"4,292,000,000",EUR
769,SCSK Corp,5512105472,,,9719.T,"658,050,000,000",JPY
770,SDL,,,,YDL.F,"678,068,000",EUR
771,Sea Ltd,,,,SE,"67,358,000,000",
774,ServiceNow Inc,0,,,NOW,"105,590,000,000",
776,Sesa SpA,0,,,0QHK.L,"2,347,000,000",EUR
785,Shopify Inc,0,,,SHOP,"91,270,000,000",
786,"ShotSpotter, Inc",0,,,SSTI,"338,870,000",
789,SII,1285981056,,,SII,"1,330,000,000",
791,Silverlake Axis Ltd,0,,,5CP.SI,"856,290,000",SGD
792,SimCorp,2973919232,,,SIM.CO,"19,930,000,000",
793,Sinch,,,,SINCH.ST,"55,240,000,000",SEK
801,SMS Co Ltd,0,,,2175.T,"310,240,000,000",JPY
802,Snap Inc,62129475584,,,SNAP,"63,900,000,000",
807,Softcat,3270956032,,,SCT.L,"3,460,000,000",GBP
808,Softronic,,,,SOF-B.ST,"1,410,000,000",SEK
809,Software AG,2589299968,,,SOW.DE,"2,340,000,000",EUR
810,SoftwareONE Holding,2240006400,,,SWON.SW,"2,070,000,000",CHF
815,Solutions 30,784720448,,,S30.PA,"818,980,000",EUR
818,Sopra Steria Group,3426882816,,,SOP.PA,"3,430,000,000",EUR
820,Splunk Inc,0,,,SPLK,"22,590,000,000",
822,Spotify Technology,28688852992,,,SPOT,"30,600,000,000",
825,Square Enix Holdings Co Ltd,0,,,SQNXF,"5,530,000,000",
826,"SS&C Technologies Holdings, Inc",269683264,,,SSNC,"19,240,000,000",
829,Starbreeze,,,,STAR-B.ST,"791,490,000","SEK"
830,Stillfront Group,,,,SF.ST,"14,180,000,000","SEK"
832,"Sumo Logic, Inc",0,,,SUMO,"1,320,000,000",
834,Sunevision Holdings Ltd,0,,,1686.HK,"15,460,000,000",HKD
835,Sword Group,459130976,,,SWP.PA,"461,510,000",
836,"Sykes Enterprises, Inc",0,,,,,
837,"Synopsys, Inc",50172076032,,,SNPS,"52,080,000,000",
838,Systena Corp,0,,,2317.T,"171,610,000,000",JPY
840,"Take-Two Interactive Software, Inc",0,,,TTWO,"17,820,000,000",
841,Tanla Platforms Ltd,0,,,TANLA.NS,"202,050,000,000",INR
843,Tata Consultancy Services Ltd,0,,,TCS.BO,"13,800,000,000,000",INR
845,TeamViewer,,,,TMV.DE,"2,790,000,000",
846,Tech Mahindra Ltd,0,,,TECHM.BO,"1,460,000,000,000",INR
847,Techedge,0,,,,,
849,Technology One Ltd,0,,,RW8.MU,"2,490,000,000",
854,Temenos,,,,TEMN.SW,"6,710,000,000",
856,"Tenable Holdings, Inc",0,,,TENB,"6,570,000,000",
857,Tencent Holdings Ltd,0,,,0LEA.L,"446,724,000,000",
859,Teradata Corp,5000836096,,,TDC,"5,090,000,000",
864,The Sage Group,0,,,SGE.L,"7,450,000,000",GBP
866,The Western Union Co,0,,,WU,"7,470,000,000",
867,Thunder Software Technology Co Ltd,0,,,300496.SZ,"42,140,000,000",CNY
868,TietoEVRY Corp,0,,,TIETO.HE,"2,880,000,000",EUR
869,"TIS, Inc",0,,,3626.T,"735,030,000,000",JPY
873,Total System Services,8768099,,,GPN,"39,580,000,000",
874,Totvs,22504966144,,,TOTS3.SA,"22,800,000,000",BRL
875,TradeDoubler,,,,TRAD.ST,"249,150,000",
878,TravelSky Technology Ltd,0,,,0696.HK,"34,000,000,000",
879,"Trend Micro, Inc",0,,,TMICY,"8,170,000,000",
880,Trip Group Ltd,0,,,9961.HK,"126,280,000,000",HKD
881,TripAdvisor Inc,0,,,TRIP,"3,890,000,000",
887,Twilio Inc,0,,,TWLO,"31,710,000,000",
888,"Twitter, Inc",40816680960,,,TWTR,"40,010,000,000",
889,"Tyler Technologies, Inc",0,,,TYL,"18,370,000,000",
890,"Uber Technologies, Inc",0,,,UBER,"71,380,000,000",
891,Ubisoft Entertainment,5712059392,,,UBI.PA,"4,990,000,000",
895,Unisys Corp,0,,,UIS,"1,490,000,000",
898,"Upwork, Inc",0,,,UPWK,"3,200,000,000",
899,USU Software,237837888,,,OSP2.DE,"235,733,000",EUR
902,V2Y Corp Ltd,0,,,V2Y.SI,"13,800,000",SGD
903,Vakrangee Ltd,0,,,VAKRANGEE.NS,"39,150,000,000",
907,Verint Systems Inc,,,,VRNT,"3,320,000,000",
910,"Vertex, Inc",0,,,VRTX,"68,390,000,000",
912,Vesync Co Ltd,0,,,2148.HK,"6,410,000,000",HKD
916,"Visa, Inc",0,,,V,"493,180,000,000",
917,Vista Group International Ltd,0,,,VGL.NZ,"430,600,000",NZD
919,Vitec Software Group,18048792576,,,VIT-B.ST,18120000000,SEK
920,VK Co Ltd,0,,,VKCO,"718,130,000",
921,VMware Inc,0,,,VMW,48780000000,
922,"VNET Group, Inc",0,,,VNET,978300000,
923,Vobile Group Ltd,0,,,VOBIF,1210000000,
924,Volue,6564576256,,,VOLUE.OL,6860000000,NOK
928,Webjet Ltd,0,,,WBJ.F,1480000000,EUR
933,WEX Inc,7852905984,,,WEX,7820000000,
934,WIIT,746774016,,,WIIT.MI,772910000,EUR
936,Wipro Ltd,,,,WIPRO.BO,3310000000000,INR
939,WiseTech Global Ltd,0,,,WTCHF,12690000000,
940,Wix Ltd,0,,,WIX,6290000000,
941,WNS Holdings Ltd,0,,,WNS,4300000000,
942,Wolters Kluwer,27464083456,,,WKL.AS,24860000000,EUR
943,Workday Inc,0,,,WDAY,60990000000,
944,Workiva Inc,0,,,WK,6220000000,
945,Worldline,,,,WLN.PA,11850000000,EUR
946,Wuhu Sanqi Interactive Entertainment Network Tech Gp Co Ltd,0,,,,,
947,"XD, Inc",0,,,,,
948,Xero Ltd,,,,0XE.SG,10440000000,EUR
952,Yandex,6794024448,,,YNDX.ME,572630000000,RUB
954,Yelp Inc,2485112832,,,YELP,2500000000,
956,"Yidu Tech, Inc",0,,,2158.HK,9620000000,HKD
961,"Zendesk, Inc",15204251648,,,ZEN,14729000000,
962,Zensar Technologies Ltd,0,,,ZENSARTECH.BO,87540000000,INR
965,"Ziff Davis, Inc",0,,,ZD,4710000000,
966,Zillow Group Inc,0,,,Z,13280000000,
967,Zix Corp,4597928448,,,ZIXI,,
969,"ZoomInfo Technologies, Inc",0,,,ZI,23919000000,